user_id,session_id,timestamp,step,action_type,reference,platform,city,device,current_filters,impressions,prices
004A07DM0IDW,1d688ec168932,1541555614,1,interaction item image,2059240,CO,"Santa Marta, Colombia",mobile,,,
004A07DM0IDW,1d688ec168932,1541555614,2,interaction item image,2059240,CO,"Santa Marta, Colombia",mobile,,,
004A07DM0IDW,1d688ec168932,1541555696,3,clickout item,1050068,CO,"Santa Marta, Colombia",mobile,,2059240|2033381|1724779|127131|399441|103357|127132|1167004|4491766|2249874|5834720|1050068|5162722|3442272|5838202|3135079|3241426|9030086|7997464|6827260|1472107|3881554|127128|1963235|4359818,70|46|48|76|65|65|106|66|87|43|52|44|60|61|50|55|32|68|44|25|40|29|208|62|63
004A07DM0IDW,1d688ec168932,1541555707,4,clickout item,1050068,CO,"Santa Marta, Colombia",mobile,,2059240|2033381|1724779|127131|399441|103357|127132|1167004|4491766|2249874|5834720|1050068|5162722|3442272|5838202|3135079|3241426|9030086|7997464|6827260|1472107|3881554|127128|1963235|4359818,70|46|48|76|65|65|106|66|87|43|52|44|60|61|50|55|32|68|44|25|40|29|208|62|63
004A07DM0IDW,1d688ec168932,1541555717,5,clickout item,1050068,CO,"Santa Marta, Colombia",mobile,,2059240|2033381|1724779|127131|399441|103357|127132|1167004|4491766|2249874|5834720|1050068|5162722|3442272|5838202|3135079|3241426|9030086|7997464|6827260|1472107|3881554|127128|1963235|4359818,70|46|48|76|65|65|106|66|87|43|52|44|60|61|50|55|32|68|44|25|40|29|208|62|63
004A07DM0IDW,1d688ec168932,1541555792,6,clickout item,3241426,CO,"Santa Marta, Colombia",mobile,,2059240|2033381|1724779|127131|399441|103357|127132|1167004|4491766|2249874|5834720|1050068|5162722|3442272|5838202|3135079|3241426|9030086|7997464|6827260|1472107|3881554|127128|1963235|4359818,70|46|48|76|65|65|106|66|87|43|52|44|60|61|50|55|32|68|44|25|40|29|208|62|63
004A07DM0IDW,1d688ec168932,1541555799,7,clickout item,,CO,"Santa Marta, Colombia",mobile,,2059240|2033381|1724779|127131|399441|103357|127132|1167004|4491766|2249874|5834720|1050068|5162722|3442272|5838202|3135079|3241426|9030086|7997464|6827260|1472107|3881554|127128|1963235|4359818,70|46|48|76|65|65|106|66|87|43|52|44|60|61|50|55|32|68|44|25|40|29|208|62|63
009RGHI3G9A3,f05ab0de907e2,1541570935,1,interaction item info,7065316,IN,"Nathdwara, India",mobile,,,
009RGHI3G9A3,f05ab0de907e2,1541570940,2,clickout item,,IN,"Nathdwara, India",mobile,,10884872|7065316,64|28
00Y1Z24X8084,26b6d294d66e7,1541651766,1,clickout item,3843244,PH,"Iloilo City, Philippines",mobile,,2714480|4476010|3843244|3833012|9017890|1981001|9343000|5101686|3766088|2508850|7101352|3862098|5497362|5052004|3853058|9928620|3823768|10185790|7794970|8286730|2266820|6030666|10024490|3837924,74|14|22|38|55|44|28|34|23|27|12|108|19|21|36|19|19|36|22|33|34|30|14|37
00Y1Z24X8084,26b6d294d66e7,1541651823,2,clickout item,,PH,"Iloilo City, Philippines",mobile,,2714480|4476010|3843244|3833012|9017890|1981001|9343000|5101686|3766088|2508850|7101352|3862098|5497362|5052004|3853058|9928620|3823768|10185790|7794970|8286730|2266820|6030666|10024490|3837924,74|14|22|38|55|44|28|34|23|27|12|108|19|21|36|19|19|36|22|33|34|30|14|37
01V3WDTDM5CU,07628a0f5be0b,1541575493,1,change of sort order,interaction sort button,PL,"Wisla, Poland",mobile,,,
01V3WDTDM5CU,07628a0f5be0b,1541575503,2,change of sort order,price only,PL,"Wisla, Poland",mobile,,,
01V3WDTDM5CU,07628a0f5be0b,1541575503,3,filter selection,Sort by Price,PL,"Wisla, Poland",mobile,Sort by Price,,
01V3WDTDM5CU,07628a0f5be0b,1541575516,4,clickout item,2817590,PL,"Wisla, Poland",mobile,Sort by Price,3565720|2947584|4115018|2039671|3836538|8014092|1360046|2817590|7061208|2882092|7265466|2947684|3180004|6434434|7977884|3167572|6820996|2673967|4016204|7950162|2875624|9427670|2012359|3387430|1326372,16|18|20|21|22|22|28|28|28|30|30|33|33|35|35|36|37|37|42|42|44|44|46|46|47
01V3WDTDM5CU,07628a0f5be0b,1541575643,5,clickout item,,PL,"Wisla, Poland",mobile,Sort by Price,3565720|2947584|4115018|2039671|3836538|8014092|1360046|2817590|7061208|2882092|7265466|2947684|3180004|6434434|7977884|3167572|6820996|2673967|4016204|7950162|2875624|9427670|2012359|3387430|1326372,16|18|20|21|22|22|28|28|28|30|30|33|33|35|35|36|37|37|42|42|44|44|46|46|47
02AOAVF9PVYH,4a01c3afbc224,1541680071,1,search for destination,"Yokohama, Japan",JP,"Yokohama, Japan",desktop,,,
02AOAVF9PVYH,4a01c3afbc224,1541680083,2,interaction item image,552311,JP,"Yokohama, Japan",desktop,,,
02AOAVF9PVYH,4a01c3afbc224,1541680083,3,interaction item image,552311,JP,"Yokohama, Japan",desktop,,,
02AOAVF9PVYH,4a01c3afbc224,1541680085,4,interaction item image,552311,JP,"Yokohama, Japan",desktop,,,
02AOAVF9PVYH,4a01c3afbc224,1541680096,5,interaction item image,552311,JP,"Yokohama, Japan",desktop,,,
02AOAVF9PVYH,4a01c3afbc224,1541680104,6,filter selection,Hotel,JP,"Yokohama, Japan",desktop,Hotel|Resort,,
02AOAVF9PVYH,4a01c3afbc224,1541680104,7,filter selection,Resort,JP,"Yokohama, Japan",desktop,Hotel|Resort,,
02AOAVF9PVYH,4a01c3afbc224,1541680261,8,interaction item image,749491,JP,"Yokohama, Japan",desktop,,,
02AOAVF9PVYH,4a01c3afbc224,1541680261,9,interaction item image,749491,JP,"Yokohama, Japan",desktop,,,
02AOAVF9PVYH,4a01c3afbc224,1541680271,10,interaction item image,749491,JP,"Yokohama, Japan",desktop,,,
02AOAVF9PVYH,4a01c3afbc224,1541680271,11,interaction item image,749491,JP,"Yokohama, Japan",desktop,,,
02AOAVF9PVYH,4a01c3afbc224,1541680271,12,interaction item image,749491,JP,"Yokohama, Japan",desktop,,,
02AOAVF9PVYH,4a01c3afbc224,1541680271,13,interaction item image,749491,JP,"Yokohama, Japan",desktop,,,
02AOAVF9PVYH,4a01c3afbc224,1541680271,14,interaction item image,749491,JP,"Yokohama, Japan",desktop,,,
02AOAVF9PVYH,4a01c3afbc224,1541680271,15,interaction item image,749491,JP,"Yokohama, Japan",desktop,,,
02AOAVF9PVYH,4a01c3afbc224,1541680271,16,interaction item image,749491,JP,"Yokohama, Japan",desktop,,,
02AOAVF9PVYH,4a01c3afbc224,1541680271,17,interaction item image,749491,JP,"Yokohama, Japan",desktop,,,
02AOAVF9PVYH,4a01c3afbc224,1541680271,18,interaction item image,749491,JP,"Yokohama, Japan",desktop,,,
02AOAVF9PVYH,4a01c3afbc224,1541680281,19,interaction item image,749491,JP,"Yokohama, Japan",desktop,,,
02AOAVF9PVYH,4a01c3afbc224,1541680281,20,interaction item image,749491,JP,"Yokohama, Japan",desktop,,,
02AOAVF9PVYH,4a01c3afbc224,1541680281,21,interaction item image,749491,JP,"Yokohama, Japan",desktop,,,
02AOAVF9PVYH,4a01c3afbc224,1541680281,22,interaction item image,749491,JP,"Yokohama, Japan",desktop,,,
02AOAVF9PVYH,4a01c3afbc224,1541680281,23,interaction item image,749491,JP,"Yokohama, Japan",desktop,,,
02AOAVF9PVYH,4a01c3afbc224,1541680281,24,interaction item image,749491,JP,"Yokohama, Japan",desktop,,,
02AOAVF9PVYH,4a01c3afbc224,1541680281,25,interaction item image,749491,JP,"Yokohama, Japan",desktop,,,
02AOAVF9PVYH,4a01c3afbc224,1541680281,26,interaction item image,749491,JP,"Yokohama, Japan",desktop,,,
02AOAVF9PVYH,4a01c3afbc224,1541680281,27,interaction item image,749491,JP,"Yokohama, Japan",desktop,,,
02AOAVF9PVYH,4a01c3afbc224,1541680286,28,clickout item,749491,JP,"Yokohama, Japan",desktop,Hotel|Resort,1097076|559056|1963879|693591|1931133|552326|1177556|552246|1037516|2403128|559021|749491|818581|1575573|2121686|6769968|1585221|2617856|1518647|1052844|4540594|559026|2112170|1350829|5951950,128|81|82|73|25|121|132|262|119|83|64|65|136|114|56|120|59|99|88|96|183|104|58|92|41
02AOAVF9PVYH,4a01c3afbc224,1541680458,29,clickout item,7304020,JP,"Yokohama, Japan",desktop,Hotel|Resort,2217310|1177554|6379076|1951547|3818854|1052842|2509304|2121692|1967173|2398712|2217852|579356|6274258|3539958|1769429|5608384|3766584|6710552|9992188|6550242|6469054|6428026|7304020|6707086|9865884,77|91|35|57|235|112|58|58|82|93|135|79|221|29|107|20|104|100|112|83|228|68|88|248|243
02AOAVF9PVYH,4a01c3afbc224,1541680514,30,interaction item image,7304020,JP,"Yokohama, Japan",desktop,,,
02AOAVF9PVYH,4a01c3afbc224,1541680514,31,interaction item image,7304020,JP,"Yokohama, Japan",desktop,,,
02AOAVF9PVYH,4a01c3afbc224,1541680517,32,clickout item,7304020,JP,"Yokohama, Japan",desktop,Hotel|Resort,2217310|1177554|6379076|1951547|3818854|1052842|2509304|2121692|1967173|2398712|2217852|579356|6274258|3539958|1769429|5608384|3766584|6710552|9992188|6550242|6469054|6428026|7304020|6707086|9865884,77|91|35|57|235|112|58|58|82|93|135|79|221|29|107|20|104|100|112|83|228|68|88|248|243
02AOAVF9PVYH,4a01c3afbc224,1541680796,33,clickout item,6639820,JP,"Yokohama, Japan",desktop,Hotel|Resort,10600180|7678946|6863968|6686502|3901688|1052960|5040506|4275842|1045096|6639820|10870038|1177542|7178726|1037762|3169427|7412052,110|231|254|112|155|162|178|102|81|69|23|54|45|59|33|60
02AOAVF9PVYH,4a01c3afbc224,1541680854,34,clickout item,1177542,JP,"Yokohama, Japan",desktop,Hotel|Resort,10600180|7678946|6863968|6686502|3901688|1052960|5040506|4275842|1045096|6639820|10870038|1177542|7178726|1037762|3169427|7412052,110|231|254|112|155|162|178|102|81|69|23|54|45|59|33|60
02AOAVF9PVYH,4a01c3afbc224,1541680931,35,change of sort order,interaction sort button,JP,"Yokohama, Japan",desktop,,,
02AOAVF9PVYH,4a01c3afbc224,1541680931,36,change of sort order,interaction sort button,JP,"Yokohama, Japan",desktop,,,
02AOAVF9PVYH,4a01c3afbc224,1541680931,37,interaction item image,552311,JP,"Yokohama, Japan",desktop,,,
02AOAVF9PVYH,4a01c3afbc224,1541680932,38,change of sort order,price only,JP,"Yokohama, Japan",desktop,,,
02AOAVF9PVYH,4a01c3afbc224,1541680932,39,filter selection,Sort by Price,JP,"Yokohama, Japan",desktop,Hotel|Resort|Sort by Price,,
02AOAVF9PVYH,4a01c3afbc224,1541680980,40,clickout item,693591,JP,"Yokohama, Japan",desktop,Hotel|Resort|Sort by Price,5608384|10870038|1931133|3539958|3169427|6379076|5951950|7178726|1177542|2121686|1951547|2112170|2509304|2121692|1585221|1037762|7412052|559021|749491|6428026|6639820|693591|7993864|2217310|579356,20|23|25|29|33|35|41|45|54|56|57|58|58|58|59|59|60|64|65|68|69|73|75|77|79
02AOAVF9PVYH,4a01c3afbc224,1541681048,41,interaction item image,7304020,JP,"Yokohama, Japan",desktop,,,
02AOAVF9PVYH,4a01c3afbc224,1541681065,42,clickout item,1177554,JP,"Yokohama, Japan",desktop,Hotel|Resort|Sort by Price,1451247|559056|1045096|1963879|693596|1967173|2403128|1052958|6550242|1393443|1751149|1518647|7304020|1177554|1350829|1177548|3183078|2398712|1052880|1052844|559091|2617856|6710552|4275842|559026,80|81|81|82|82|82|83|83|83|85|85|88|88|91|92|92|92|93|94|96|97|99|100|102|104
02AOAVF9PVYH,4a01c3afbc224,1541681132,43,clickout item,1177554,JP,"Yokohama, Japan",desktop,Hotel|Resort|Sort by Price,1451247|559056|1045096|1963879|693596|1967173|2403128|1052958|6550242|1393443|1751149|1518647|7304020|1177554|1350829|1177548|3183078|2398712|1052880|1052844|559091|2617856|6710552|4275842|559026,80|81|81|82|82|82|83|83|83|85|85|88|88|91|92|92|92|93|94|96|97|99|100|102|104
02AOAVF9PVYH,4a01c3afbc224,1541681207,44,clickout item,1177554,JP,"Yokohama, Japan",desktop,Hotel|Resort|Sort by Price,1451247|559056|1045096|1963879|693596|1967173|2403128|1052958|6550242|1393443|1751149|1518647|7304020|1177554|1350829|1177548|3183078|2398712|1052880|1052844|559091|2617856|6710552|4275842|559026,80|81|81|82|82|82|83|83|83|85|85|88|88|91|92|92|92|93|94|96|97|99|100|102|104
02AOAVF9PVYH,4a01c3afbc224,1541681239,45,clickout item,1177554,JP,"Yokohama, Japan",desktop,Hotel|Resort|Sort by Price,1451247|559056|1045096|1963879|693596|1967173|2403128|1052958|6550242|1393443|1751149|1518647|7304020|1177554|1350829|1177548|3183078|2398712|1052880|1052844|559091|2617856|6710552|4275842|559026,80|81|81|82|82|82|83|83|83|85|85|88|88|91|92|92|92|93|94|96|97|99|100|102|104
02AOAVF9PVYH,4a01c3afbc224,1541681278,46,clickout item,,JP,"Yokohama, Japan",desktop,Hotel|Resort|Sort by Price,1451247|559056|1045096|1963879|693596|1967173|2403128|1052958|6550242|1393443|1751149|1518647|7304020|1177554|1350829|1177548|3183078|2398712|1052880|1052844|559091|2617856|6710552|4275842|559026,80|81|81|82|82|82|83|83|83|85|85|88|88|91|92|92|92|93|94|96|97|99|100|102|104
0339C84S24ET,3e7d55eae386f,1541622138,1,interaction item image,8511456,TR,"Antalya, Turkey",mobile,,,
0339C84S24ET,3e7d55eae386f,1541622138,2,interaction item image,8511456,TR,"Antalya, Turkey",mobile,,,
0339C84S24ET,3e7d55eae386f,1541622146,3,clickout item,8511456,TR,"Antalya, Turkey",mobile,,10598152|7031496|7348404|5753730|7238840|6938208|8511456|11012864|9849264|7800386|9820556|10112142|6459064,16|58|22|50|28|39|22|158|43|30|17|76|22
0339C84S24ET,3e7d55eae386f,1541622335,4,search for poi,Antalya Expo Center,TR,"Antalya, Turkey",mobile,,,
0339C84S24ET,3e7d55eae386f,1541622358,5,search for poi,Antalya Expo Center,TR,"Antalya, Turkey",mobile,,,
0339C84S24ET,3e7d55eae386f,1541622381,6,interaction item image,4957186,TR,"Antalya, Turkey",mobile,,,
0339C84S24ET,3e7d55eae386f,1541622381,7,interaction item image,4957186,TR,"Antalya, Turkey",mobile,,,
0339C84S24ET,3e7d55eae386f,1541622391,8,interaction item info,4957186,TR,"Antalya, Turkey",mobile,,,
0339C84S24ET,3e7d55eae386f,1541622515,9,interaction item image,4957186,TR,"Antalya, Turkey",mobile,,,
0339C84S24ET,3e7d55eae386f,1541622515,10,interaction item image,4957186,TR,"Antalya, Turkey",mobile,,,
0339C84S24ET,3e7d55eae386f,1541622525,11,interaction item rating,4957186,TR,"Antalya, Turkey",mobile,,,
0339C84S24ET,3e7d55eae386f,1541622545,12,interaction item deals,4957186,TR,"Antalya, Turkey",mobile,,,
0339C84S24ET,89171d441a304,1541615122,1,interaction item info,4957186,TR,"Antalya, Turkey",mobile,,,
0339C84S24ET,89171d441a304,1541615132,2,interaction item rating,4957186,TR,"Antalya, Turkey",mobile,,,
0339C84S24ET,89171d441a304,1541615142,3,interaction item deals,4957186,TR,"Antalya, Turkey",mobile,,,
0339C84S24ET,89171d441a304,1541615193,4,interaction item image,4957186,TR,"Antalya, Turkey",mobile,,,
0339C84S24ET,89171d441a304,1541615193,5,interaction item image,4957186,TR,"Antalya, Turkey",mobile,,,
0339C84S24ET,89171d441a304,1541615201,6,interaction item image,4957186,TR,"Antalya, Turkey",mobile,,,
0339C84S24ET,89171d441a304,1541615551,7,interaction item image,8160620,TR,"Antalya, Turkey",mobile,,,
0339C84S24ET,89171d441a304,1541615551,8,interaction item image,8160620,TR,"Antalya, Turkey",mobile,,,
0339C84S24ET,89171d441a304,1541615580,9,interaction item image,4957186,TR,"Antalya, Turkey",mobile,,,
0339C84S24ET,89171d441a304,1541615655,10,interaction item image,37717,TR,"Antalya, Turkey",mobile,,,
0339C84S24ET,89171d441a304,1541615655,11,interaction item image,37717,TR,"Antalya, Turkey",mobile,,,
0339C84S24ET,89171d441a304,1541615665,12,interaction item image,37717,TR,"Antalya, Turkey",mobile,,,
0339C84S24ET,89171d441a304,1541615665,13,interaction item image,37717,TR,"Antalya, Turkey",mobile,,,
0339C84S24ET,89171d441a304,1541615665,14,interaction item image,37717,TR,"Antalya, Turkey",mobile,,,
0339C84S24ET,89171d441a304,1541615665,15,interaction item image,37717,TR,"Antalya, Turkey",mobile,,,
0339C84S24ET,89171d441a304,1541615665,16,interaction item image,37717,TR,"Antalya, Turkey",mobile,,,
0339C84S24ET,89171d441a304,1541615665,17,interaction item image,37717,TR,"Antalya, Turkey",mobile,,,
0339C84S24ET,89171d441a304,1541615665,18,interaction item image,37717,TR,"Antalya, Turkey",mobile,,,
0339C84S24ET,89171d441a304,1541615665,19,interaction item image,37717,TR,"Antalya, Turkey",mobile,,,
0339C84S24ET,89171d441a304,1541615665,20,interaction item image,37717,TR,"Antalya, Turkey",mobile,,,
0339C84S24ET,89171d441a304,1541615675,21,interaction item image,37717,TR,"Antalya, Turkey",mobile,,,
0339C84S24ET,89171d441a304,1541615675,22,interaction item image,37717,TR,"Antalya, Turkey",mobile,,,
0339C84S24ET,89171d441a304,1541615675,23,interaction item image,37717,TR,"Antalya, Turkey",mobile,,,
0339C84S24ET,89171d441a304,1541615675,24,interaction item image,37717,TR,"Antalya, Turkey",mobile,,,
0339C84S24ET,89171d441a304,1541615675,25,interaction item image,37717,TR,"Antalya, Turkey",mobile,,,
0339C84S24ET,89171d441a304,1541615675,26,interaction item image,37717,TR,"Antalya, Turkey",mobile,,,
0339C84S24ET,89171d441a304,1541615675,27,interaction item image,37717,TR,"Antalya, Turkey",mobile,,,
0339C84S24ET,89171d441a304,1541615675,28,interaction item image,37717,TR,"Antalya, Turkey",mobile,,,
0339C84S24ET,89171d441a304,1541615675,29,interaction item image,37717,TR,"Antalya, Turkey",mobile,,,
0339C84S24ET,89171d441a304,1541615675,30,interaction item image,37717,TR,"Antalya, Turkey",mobile,,,
0339C84S24ET,89171d441a304,1541615675,31,interaction item image,37717,TR,"Antalya, Turkey",mobile,,,
0339C84S24ET,89171d441a304,1541615675,32,interaction item image,37717,TR,"Antalya, Turkey",mobile,,,
0339C84S24ET,89171d441a304,1541615675,33,interaction item image,37717,TR,"Antalya, Turkey",mobile,,,
0339C84S24ET,89171d441a304,1541615675,34,interaction item image,37717,TR,"Antalya, Turkey",mobile,,,
0339C84S24ET,89171d441a304,1541615675,35,interaction item image,37717,TR,"Antalya, Turkey",mobile,,,
0339C84S24ET,89171d441a304,1541615683,36,clickout item,,TR,"Antalya, Turkey",mobile,,13361|5647680|116764|898719|8276346|9168|1932523|1746699|3184770|2029079|9663674|5773306|97047|2859080|2552912|37717|4500498|4957186|96783|2025847|2678430|94472|9500346|5055970|1293576,185|84|30|19|46|77|123|23|25|25|26|39|73|56|96|27|30|26|41|24|30|44|108|29|19
0386OH8JDE1Q,e09591d07cdef,1541620433,1,clickout item,5488246,UK,"John o' Groats, United Kingdom",desktop,,1193320|5488246|3858774|4552034|10620372|2269610|8286108|9857246,103|88|100|134|109|138|126|86
0386OH8JDE1Q,e09591d07cdef,1541620536,2,clickout item,,UK,"John o' Groats, United Kingdom",desktop,,1193320|5488246|3858774|4552034|10620372|2269610|8286108|9857246,103|88|100|134|109|138|126|86
03LTH89QY623,7663406cf586c,1541553964,1,search for destination,"Montréal, Canada",CA,"Montréal, Canada",desktop,,,
03LTH89QY623,7663406cf586c,1541553986,2,search for item,358241,CA,"Koloa, USA",desktop,,,
03LTH89QY623,7663406cf586c,1541554127,3,clickout item,59566,CA,"Koloa, USA",desktop,,241961|906477|991561|353701|1149665|77258|494391|59566|75269|2177702|69078|71244|55806|1017869|3492314|1907073|55663|2096068|3818394|1638525|8334958|1328573|55662|1490979,287|300|261|197|163|263|262|188|540|283|211|221|190|103|185|184|292|197|353|315|388|166|331|432
03LTH89QY623,7663406cf586c,1541554183,4,clickout item,,CA,"Koloa, USA",desktop,,241961|906477|991561|353701|1149665|77258|494391|59566|75269|2177702|69078|71244|55806|1017869|3492314|1907073|55663|2096068|3818394|1638525|8334958|1328573|55662|1490979,287|300|261|197|163|263|262|188|540|283|211|221|190|103|185|184|292|197|353|315|388|166|331|432
03VT0ODUTZB0,725e8adf70e86,1541632427,1,search for destination,"Warrington, United Kingdom",UK,"Warrington, United Kingdom",desktop,,,
03VT0ODUTZB0,725e8adf70e86,1541632463,2,interaction item image,1070666,UK,"Warrington, United Kingdom",desktop,,,
03VT0ODUTZB0,725e8adf70e86,1541632463,3,interaction item image,1070666,UK,"Warrington, United Kingdom",desktop,,,
03VT0ODUTZB0,725e8adf70e86,1541632473,4,interaction item image,1070666,UK,"Warrington, United Kingdom",desktop,,,
03VT0ODUTZB0,725e8adf70e86,1541632473,5,interaction item image,1070666,UK,"Warrington, United Kingdom",desktop,,,
03VT0ODUTZB0,725e8adf70e86,1541632473,6,interaction item image,1070666,UK,"Warrington, United Kingdom",desktop,,,
03VT0ODUTZB0,725e8adf70e86,1541632473,7,interaction item image,1070666,UK,"Warrington, United Kingdom",desktop,,,
03VT0ODUTZB0,725e8adf70e86,1541632473,8,interaction item image,1070666,UK,"Warrington, United Kingdom",desktop,,,
03VT0ODUTZB0,725e8adf70e86,1541632473,9,interaction item image,1070666,UK,"Warrington, United Kingdom",desktop,,,
03VT0ODUTZB0,725e8adf70e86,1541632473,10,interaction item image,1070666,UK,"Warrington, United Kingdom",desktop,,,
03VT0ODUTZB0,725e8adf70e86,1541632473,11,interaction item image,1070666,UK,"Warrington, United Kingdom",desktop,,,
03VT0ODUTZB0,725e8adf70e86,1541632473,12,interaction item image,1070666,UK,"Warrington, United Kingdom",desktop,,,
03VT0ODUTZB0,725e8adf70e86,1541632473,13,interaction item image,1070666,UK,"Warrington, United Kingdom",desktop,,,
03VT0ODUTZB0,725e8adf70e86,1541632480,14,interaction item image,1070666,UK,"Warrington, United Kingdom",desktop,,,
03VT0ODUTZB0,725e8adf70e86,1541632480,15,interaction item image,1070666,UK,"Warrington, United Kingdom",desktop,,,
03VT0ODUTZB0,725e8adf70e86,1541632480,16,interaction item image,1070666,UK,"Warrington, United Kingdom",desktop,,,
03VT0ODUTZB0,725e8adf70e86,1541632480,17,interaction item image,1070666,UK,"Warrington, United Kingdom",desktop,,,
03VT0ODUTZB0,725e8adf70e86,1541632480,18,interaction item image,1070666,UK,"Warrington, United Kingdom",desktop,,,
03VT0ODUTZB0,725e8adf70e86,1541632480,19,interaction item image,1070666,UK,"Warrington, United Kingdom",desktop,,,
03VT0ODUTZB0,725e8adf70e86,1541632480,20,interaction item image,1070666,UK,"Warrington, United Kingdom",desktop,,,
03VT0ODUTZB0,725e8adf70e86,1541632490,21,interaction item image,322491,UK,"Warrington, United Kingdom",desktop,,,
03VT0ODUTZB0,725e8adf70e86,1541632490,22,interaction item image,322491,UK,"Warrington, United Kingdom",desktop,,,
03VT0ODUTZB0,725e8adf70e86,1541632490,23,clickout item,,UK,"Warrington, United Kingdom",desktop,,109938|164193|632366|1362450|1070666|164220|1165550|322491|492516|1362456|2339358|2677696|1233728|1331566|1362452|138488|139466|2149610|1362458|1362454|322511|2852776|3184206,45|67|78|60|58|57|86|68|57|55|148|92|66|55|61|51|62|45|54|52|44|80|57
03XH0JWCWHAM,73f4c417ff730,1541564536,1,search for destination,"Atlixco, Mexico",MX,"Atlixco, Mexico",mobile,,,
03XH0JWCWHAM,73f4c417ff730,1541564610,2,interaction item image,968925,MX,"Atlixco, Mexico",mobile,,,
03XH0JWCWHAM,73f4c417ff730,1541564610,3,interaction item image,968925,MX,"Atlixco, Mexico",mobile,,,
03XH0JWCWHAM,73f4c417ff730,1541564620,4,interaction item image,968925,MX,"Atlixco, Mexico",mobile,,,
03XH0JWCWHAM,73f4c417ff730,1541564620,5,interaction item image,968925,MX,"Atlixco, Mexico",mobile,,,
03XH0JWCWHAM,73f4c417ff730,1541564620,6,interaction item image,968925,MX,"Atlixco, Mexico",mobile,,,
03XH0JWCWHAM,73f4c417ff730,1541564620,7,interaction item image,968925,MX,"Atlixco, Mexico",mobile,,,
03XH0JWCWHAM,73f4c417ff730,1541564620,8,interaction item image,968925,MX,"Atlixco, Mexico",mobile,,,
03XH0JWCWHAM,73f4c417ff730,1541564620,9,interaction item image,968925,MX,"Atlixco, Mexico",mobile,,,
03XH0JWCWHAM,73f4c417ff730,1541564620,10,interaction item image,968925,MX,"Atlixco, Mexico",mobile,,,
03XH0JWCWHAM,73f4c417ff730,1541564620,11,interaction item image,968925,MX,"Atlixco, Mexico",mobile,,,
03XH0JWCWHAM,73f4c417ff730,1541564620,12,interaction item image,968925,MX,"Atlixco, Mexico",mobile,,,
03XH0JWCWHAM,73f4c417ff730,1541564620,13,interaction item image,968925,MX,"Atlixco, Mexico",mobile,,,
03XH0JWCWHAM,73f4c417ff730,1541564620,14,interaction item image,968925,MX,"Atlixco, Mexico",mobile,,,
03XH0JWCWHAM,73f4c417ff730,1541564620,15,interaction item image,968925,MX,"Atlixco, Mexico",mobile,,,
03XH0JWCWHAM,73f4c417ff730,1541564624,16,clickout item,968925,MX,"Atlixco, Mexico",mobile,,3366614|2670592|6625742|5046438|968925|2833715|2881004|1873675|5708270|8415608|6779662,62|75|72|58|61|101|66|100|84|53|24
03XH0JWCWHAM,73f4c417ff730,1541565658,17,search for destination,"Puebla, Mexico",MX,"Puebla, Mexico",mobile,,,
03XH0JWCWHAM,73f4c417ff730,1541565679,18,interaction item image,42692,MX,"Puebla, Mexico",mobile,,,
03XH0JWCWHAM,73f4c417ff730,1541565679,19,interaction item image,42692,MX,"Puebla, Mexico",mobile,,,
03XH0JWCWHAM,73f4c417ff730,1541565679,20,interaction item image,42692,MX,"Puebla, Mexico",mobile,,,
03XH0JWCWHAM,73f4c417ff730,1541565689,21,interaction item image,42692,MX,"Puebla, Mexico",mobile,,,
03XH0JWCWHAM,73f4c417ff730,1541565689,22,interaction item image,42692,MX,"Puebla, Mexico",mobile,,,
03XH0JWCWHAM,73f4c417ff730,1541565689,23,interaction item image,42692,MX,"Puebla, Mexico",mobile,,,
03XH0JWCWHAM,73f4c417ff730,1541565689,24,interaction item image,42692,MX,"Puebla, Mexico",mobile,,,
03XH0JWCWHAM,73f4c417ff730,1541565689,25,interaction item image,42692,MX,"Puebla, Mexico",mobile,,,
03XH0JWCWHAM,73f4c417ff730,1541565689,26,interaction item image,42692,MX,"Puebla, Mexico",mobile,,,
03XH0JWCWHAM,73f4c417ff730,1541565689,27,interaction item image,42692,MX,"Puebla, Mexico",mobile,,,
03XH0JWCWHAM,73f4c417ff730,1541565689,28,interaction item image,42692,MX,"Puebla, Mexico",mobile,,,
03XH0JWCWHAM,73f4c417ff730,1541565689,29,interaction item image,42692,MX,"Puebla, Mexico",mobile,,,
03XH0JWCWHAM,73f4c417ff730,1541565689,30,interaction item image,42692,MX,"Puebla, Mexico",mobile,,,
03XH0JWCWHAM,73f4c417ff730,1541565689,31,interaction item image,42692,MX,"Puebla, Mexico",mobile,,,
03XH0JWCWHAM,73f4c417ff730,1541565689,32,interaction item image,42692,MX,"Puebla, Mexico",mobile,,,
03XH0JWCWHAM,73f4c417ff730,1541565689,33,interaction item image,42692,MX,"Puebla, Mexico",mobile,,,
03XH0JWCWHAM,73f4c417ff730,1541565689,34,interaction item image,42692,MX,"Puebla, Mexico",mobile,,,
03XH0JWCWHAM,73f4c417ff730,1541565689,35,interaction item image,42692,MX,"Puebla, Mexico",mobile,,,
03XH0JWCWHAM,73f4c417ff730,1541565689,36,interaction item image,42692,MX,"Puebla, Mexico",mobile,,,
03XH0JWCWHAM,73f4c417ff730,1541565689,37,interaction item image,42692,MX,"Puebla, Mexico",mobile,,,
03XH0JWCWHAM,73f4c417ff730,1541565699,38,interaction item image,42692,MX,"Puebla, Mexico",mobile,,,
03XH0JWCWHAM,73f4c417ff730,1541565699,39,interaction item image,42692,MX,"Puebla, Mexico",mobile,,,
03XH0JWCWHAM,73f4c417ff730,1541565699,40,interaction item image,42692,MX,"Puebla, Mexico",mobile,,,
03XH0JWCWHAM,73f4c417ff730,1541565699,41,interaction item image,42692,MX,"Puebla, Mexico",mobile,,,
03XH0JWCWHAM,73f4c417ff730,1541565699,42,interaction item image,42692,MX,"Puebla, Mexico",mobile,,,
03XH0JWCWHAM,73f4c417ff730,1541565733,43,clickout item,5762742,MX,"Puebla, Mexico",mobile,,42692|5116230|42876|4342578|42864|3148690|2123552|2628052|6953534|5970348|5702804|348881|6298428|5044436|393866|5762742|42858|42618|348681|10129398|8183468|1285624|42662|6452022|349091,53|181|60|45|96|60|80|59|41|122|50|43|113|48|54|29|96|62|118|39|49|54|53|350|40
03XH0JWCWHAM,73f4c417ff730,1541565769,44,search for destination,"Puebla, Mexico",MX,"Puebla, Mexico",mobile,,,
03XH0JWCWHAM,73f4c417ff730,1541565788,45,change of sort order,interaction sort button,MX,"Puebla, Mexico",mobile,,,
03XH0JWCWHAM,73f4c417ff730,1541565790,46,change of sort order,price and recommended,MX,"Puebla, Mexico",mobile,,,
03XH0JWCWHAM,73f4c417ff730,1541565790,47,filter selection,Best Value,MX,"Puebla, Mexico",mobile,Best Value,,
03XH0JWCWHAM,73f4c417ff730,1541565912,48,clickout item,43133,MX,"Puebla, Mexico",mobile,Best Value,1363450|1727149|42913|5970348|2571399|43133|1870089|6298428|6683398|2552826|3820184|10720834|2672490|3479202|4275132|42931|9248104|7892606|2552168|7225744|8912902|6816912|9234374|6713006|3054438,80|27|44|122|19|56|20|113|10|22|40|11|88|35|34|68|15|16|35|16|59|19|77|20|63
03XH0JWCWHAM,73f4c417ff730,1541565990,49,change of sort order,interaction sort button,MX,"Puebla, Mexico",mobile,,,
03XH0JWCWHAM,73f4c417ff730,1541565991,50,change of sort order,price only,MX,"Puebla, Mexico",mobile,,,
03XH0JWCWHAM,73f4c417ff730,1541565991,51,filter selection,Sort by Price,MX,"Puebla, Mexico",mobile,Sort by Price,,
03XH0JWCWHAM,73f4c417ff730,1541566001,52,change of sort order,interaction sort button,MX,"Puebla, Mexico",mobile,,,
03XH0JWCWHAM,73f4c417ff730,1541566003,53,change of sort order,our recommendations,MX,"Puebla, Mexico",mobile,,,
03XH0JWCWHAM,73f4c417ff730,1541566003,54,filter selection,Sort By Popularity,MX,"Puebla, Mexico",mobile,Sort By Popularity,,
03XH0JWCWHAM,73f4c417ff730,1541566023,55,interaction item image,42692,MX,"Puebla, Mexico",mobile,,,
03XH0JWCWHAM,73f4c417ff730,1541566023,56,interaction item image,42692,MX,"Puebla, Mexico",mobile,,,
03XH0JWCWHAM,73f4c417ff730,1541566032,57,interaction item image,42692,MX,"Puebla, Mexico",mobile,,,
03XH0JWCWHAM,73f4c417ff730,1541566032,58,interaction item image,42692,MX,"Puebla, Mexico",mobile,,,
03XH0JWCWHAM,73f4c417ff730,1541566032,59,interaction item image,42692,MX,"Puebla, Mexico",mobile,,,
03XH0JWCWHAM,73f4c417ff730,1541566032,60,interaction item image,42692,MX,"Puebla, Mexico",mobile,,,
03XH0JWCWHAM,73f4c417ff730,1541566032,61,interaction item image,42692,MX,"Puebla, Mexico",mobile,,,
03XH0JWCWHAM,73f4c417ff730,1541566032,62,interaction item image,42692,MX,"Puebla, Mexico",mobile,,,
03XH0JWCWHAM,73f4c417ff730,1541566043,63,interaction item image,3148690,MX,"Puebla, Mexico",mobile,,,
03XH0JWCWHAM,73f4c417ff730,1541566043,64,interaction item image,3148690,MX,"Puebla, Mexico",mobile,,,
03XH0JWCWHAM,73f4c417ff730,1541566043,65,interaction item image,3148690,MX,"Puebla, Mexico",mobile,,,
03XH0JWCWHAM,73f4c417ff730,1541566043,66,interaction item image,3148690,MX,"Puebla, Mexico",mobile,,,
03XH0JWCWHAM,73f4c417ff730,1541566043,67,interaction item image,3148690,MX,"Puebla, Mexico",mobile,,,
03XH0JWCWHAM,73f4c417ff730,1541566043,68,interaction item image,3148690,MX,"Puebla, Mexico",mobile,,,
03XH0JWCWHAM,73f4c417ff730,1541566043,69,interaction item image,3148690,MX,"Puebla, Mexico",mobile,,,
03XH0JWCWHAM,73f4c417ff730,1541566043,70,interaction item image,3148690,MX,"Puebla, Mexico",mobile,,,
03XH0JWCWHAM,73f4c417ff730,1541566043,71,interaction item image,3148690,MX,"Puebla, Mexico",mobile,,,
03XH0JWCWHAM,73f4c417ff730,1541566043,72,interaction item image,3148690,MX,"Puebla, Mexico",mobile,,,
03XH0JWCWHAM,73f4c417ff730,1541566043,73,interaction item image,3148690,MX,"Puebla, Mexico",mobile,,,
03XH0JWCWHAM,73f4c417ff730,1541566043,74,interaction item image,3148690,MX,"Puebla, Mexico",mobile,,,
03XH0JWCWHAM,73f4c417ff730,1541566053,75,interaction item image,3148690,MX,"Puebla, Mexico",mobile,,,
03XH0JWCWHAM,73f4c417ff730,1541566053,76,interaction item image,3148690,MX,"Puebla, Mexico",mobile,,,
03XH0JWCWHAM,73f4c417ff730,1541566053,77,interaction item image,3148690,MX,"Puebla, Mexico",mobile,,,
03XH0JWCWHAM,73f4c417ff730,1541566053,78,interaction item image,3148690,MX,"Puebla, Mexico",mobile,,,
03XH0JWCWHAM,73f4c417ff730,1541566053,79,interaction item image,3148690,MX,"Puebla, Mexico",mobile,,,
03XH0JWCWHAM,73f4c417ff730,1541566053,80,interaction item image,3148690,MX,"Puebla, Mexico",mobile,,,
03XH0JWCWHAM,73f4c417ff730,1541566053,81,interaction item image,3148690,MX,"Puebla, Mexico",mobile,,,
03XH0JWCWHAM,73f4c417ff730,1541566053,82,interaction item image,3148690,MX,"Puebla, Mexico",mobile,,,
03XH0JWCWHAM,73f4c417ff730,1541566053,83,interaction item image,3148690,MX,"Puebla, Mexico",mobile,,,
03XH0JWCWHAM,73f4c417ff730,1541566053,84,interaction item image,3148690,MX,"Puebla, Mexico",mobile,,,
03XH0JWCWHAM,73f4c417ff730,1541566053,85,interaction item image,3148690,MX,"Puebla, Mexico",mobile,,,
03XH0JWCWHAM,73f4c417ff730,1541566053,86,interaction item image,3148690,MX,"Puebla, Mexico",mobile,,,
03XH0JWCWHAM,73f4c417ff730,1541566053,87,interaction item image,3148690,MX,"Puebla, Mexico",mobile,,,
03XH0JWCWHAM,73f4c417ff730,1541566053,88,interaction item image,3148690,MX,"Puebla, Mexico",mobile,,,
03XH0JWCWHAM,73f4c417ff730,1541566053,89,interaction item image,3148690,MX,"Puebla, Mexico",mobile,,,
03XH0JWCWHAM,73f4c417ff730,1541566053,90,interaction item image,3148690,MX,"Puebla, Mexico",mobile,,,
03XH0JWCWHAM,73f4c417ff730,1541566053,91,interaction item image,3148690,MX,"Puebla, Mexico",mobile,,,
03XH0JWCWHAM,73f4c417ff730,1541566053,92,interaction item image,3148690,MX,"Puebla, Mexico",mobile,,,
03XH0JWCWHAM,73f4c417ff730,1541566053,93,interaction item image,3148690,MX,"Puebla, Mexico",mobile,,,
03XH0JWCWHAM,73f4c417ff730,1541566053,94,interaction item image,3148690,MX,"Puebla, Mexico",mobile,,,
03XH0JWCWHAM,73f4c417ff730,1541566064,95,interaction item image,6298428,MX,"Puebla, Mexico",mobile,,,
03XH0JWCWHAM,73f4c417ff730,1541566064,96,interaction item image,6298428,MX,"Puebla, Mexico",mobile,,,
03XH0JWCWHAM,73f4c417ff730,1541566073,97,interaction item image,6298428,MX,"Puebla, Mexico",mobile,,,
03XH0JWCWHAM,73f4c417ff730,1541566073,98,interaction item image,6298428,MX,"Puebla, Mexico",mobile,,,
03XH0JWCWHAM,73f4c417ff730,1541566073,99,interaction item image,6298428,MX,"Puebla, Mexico",mobile,,,
03XH0JWCWHAM,73f4c417ff730,1541566073,100,interaction item image,6298428,MX,"Puebla, Mexico",mobile,,,
03XH0JWCWHAM,73f4c417ff730,1541566073,101,interaction item image,6298428,MX,"Puebla, Mexico",mobile,,,
03XH0JWCWHAM,73f4c417ff730,1541566073,102,interaction item image,6298428,MX,"Puebla, Mexico",mobile,,,
03XH0JWCWHAM,73f4c417ff730,1541566073,103,interaction item image,6298428,MX,"Puebla, Mexico",mobile,,,
03XH0JWCWHAM,73f4c417ff730,1541566073,104,interaction item image,6298428,MX,"Puebla, Mexico",mobile,,,
03XH0JWCWHAM,73f4c417ff730,1541566073,105,interaction item image,6298428,MX,"Puebla, Mexico",mobile,,,
03XH0JWCWHAM,73f4c417ff730,1541566073,106,interaction item image,6298428,MX,"Puebla, Mexico",mobile,,,
03XH0JWCWHAM,73f4c417ff730,1541566073,107,interaction item image,6298428,MX,"Puebla, Mexico",mobile,,,
03XH0JWCWHAM,73f4c417ff730,1541566073,108,interaction item image,6298428,MX,"Puebla, Mexico",mobile,,,
03XH0JWCWHAM,73f4c417ff730,1541566073,109,interaction item image,6298428,MX,"Puebla, Mexico",mobile,,,
03XH0JWCWHAM,73f4c417ff730,1541566073,110,interaction item image,6298428,MX,"Puebla, Mexico",mobile,,,
03XH0JWCWHAM,73f4c417ff730,1541566073,111,interaction item image,6298428,MX,"Puebla, Mexico",mobile,,,
03XH0JWCWHAM,73f4c417ff730,1541566073,112,interaction item image,6298428,MX,"Puebla, Mexico",mobile,,,
03XH0JWCWHAM,73f4c417ff730,1541566073,113,interaction item image,6298428,MX,"Puebla, Mexico",mobile,,,
03XH0JWCWHAM,73f4c417ff730,1541566073,114,interaction item image,6298428,MX,"Puebla, Mexico",mobile,,,
03XH0JWCWHAM,73f4c417ff730,1541566073,115,interaction item image,6298428,MX,"Puebla, Mexico",mobile,,,
03XH0JWCWHAM,73f4c417ff730,1541566083,116,interaction item image,6298428,MX,"Puebla, Mexico",mobile,,,
03XH0JWCWHAM,73f4c417ff730,1541566083,117,interaction item image,6298428,MX,"Puebla, Mexico",mobile,,,
03XH0JWCWHAM,73f4c417ff730,1541566083,118,interaction item image,6298428,MX,"Puebla, Mexico",mobile,,,
03XH0JWCWHAM,73f4c417ff730,1541566083,119,interaction item image,6298428,MX,"Puebla, Mexico",mobile,,,
03XH0JWCWHAM,73f4c417ff730,1541566083,120,interaction item image,6298428,MX,"Puebla, Mexico",mobile,,,
03XH0JWCWHAM,73f4c417ff730,1541566083,121,interaction item image,6298428,MX,"Puebla, Mexico",mobile,,,
03XH0JWCWHAM,73f4c417ff730,1541566083,122,interaction item image,6298428,MX,"Puebla, Mexico",mobile,,,
03XH0JWCWHAM,73f4c417ff730,1541566083,123,interaction item image,6298428,MX,"Puebla, Mexico",mobile,,,
03XH0JWCWHAM,73f4c417ff730,1541566083,124,interaction item image,6298428,MX,"Puebla, Mexico",mobile,,,
03XH0JWCWHAM,73f4c417ff730,1541566083,125,interaction item image,6298428,MX,"Puebla, Mexico",mobile,,,
03XH0JWCWHAM,73f4c417ff730,1541566083,126,interaction item image,6298428,MX,"Puebla, Mexico",mobile,,,
03XH0JWCWHAM,73f4c417ff730,1541566083,127,interaction item image,6298428,MX,"Puebla, Mexico",mobile,,,
03XH0JWCWHAM,73f4c417ff730,1541566093,128,interaction item image,42858,MX,"Puebla, Mexico",mobile,,,
03XH0JWCWHAM,73f4c417ff730,1541566093,129,interaction item image,42858,MX,"Puebla, Mexico",mobile,,,
03XH0JWCWHAM,73f4c417ff730,1541566093,130,interaction item image,42858,MX,"Puebla, Mexico",mobile,,,
03XH0JWCWHAM,73f4c417ff730,1541566093,131,interaction item image,42858,MX,"Puebla, Mexico",mobile,,,
03XH0JWCWHAM,73f4c417ff730,1541566093,132,interaction item image,42858,MX,"Puebla, Mexico",mobile,,,
03XH0JWCWHAM,73f4c417ff730,1541566093,133,interaction item image,42858,MX,"Puebla, Mexico",mobile,,,
03XH0JWCWHAM,73f4c417ff730,1541566093,134,interaction item image,42858,MX,"Puebla, Mexico",mobile,,,
03XH0JWCWHAM,73f4c417ff730,1541566103,135,interaction item image,42858,MX,"Puebla, Mexico",mobile,,,
03XH0JWCWHAM,73f4c417ff730,1541566103,136,interaction item image,42858,MX,"Puebla, Mexico",mobile,,,
03XH0JWCWHAM,73f4c417ff730,1541566103,137,interaction item image,42858,MX,"Puebla, Mexico",mobile,,,
03XH0JWCWHAM,73f4c417ff730,1541566103,138,interaction item image,42858,MX,"Puebla, Mexico",mobile,,,
03XH0JWCWHAM,73f4c417ff730,1541566103,139,interaction item image,42858,MX,"Puebla, Mexico",mobile,,,
03XH0JWCWHAM,73f4c417ff730,1541566103,140,interaction item image,42858,MX,"Puebla, Mexico",mobile,,,
03XH0JWCWHAM,73f4c417ff730,1541566103,141,interaction item image,42858,MX,"Puebla, Mexico",mobile,,,
03XH0JWCWHAM,73f4c417ff730,1541566103,142,interaction item image,42858,MX,"Puebla, Mexico",mobile,,,
03XH0JWCWHAM,73f4c417ff730,1541566103,143,interaction item image,42858,MX,"Puebla, Mexico",mobile,,,
03XH0JWCWHAM,73f4c417ff730,1541566103,144,interaction item image,42858,MX,"Puebla, Mexico",mobile,,,
03XH0JWCWHAM,73f4c417ff730,1541566103,145,interaction item image,42858,MX,"Puebla, Mexico",mobile,,,
03XH0JWCWHAM,73f4c417ff730,1541566103,146,interaction item image,42858,MX,"Puebla, Mexico",mobile,,,
03XH0JWCWHAM,73f4c417ff730,1541566103,147,interaction item image,42858,MX,"Puebla, Mexico",mobile,,,
03XH0JWCWHAM,73f4c417ff730,1541566103,148,interaction item image,42858,MX,"Puebla, Mexico",mobile,,,
03XH0JWCWHAM,73f4c417ff730,1541566103,149,interaction item image,42858,MX,"Puebla, Mexico",mobile,,,
03XH0JWCWHAM,73f4c417ff730,1541566103,150,interaction item image,42858,MX,"Puebla, Mexico",mobile,,,
03XH0JWCWHAM,73f4c417ff730,1541566103,151,interaction item image,42858,MX,"Puebla, Mexico",mobile,,,
03XH0JWCWHAM,73f4c417ff730,1541566103,152,interaction item image,42858,MX,"Puebla, Mexico",mobile,,,
03XH0JWCWHAM,73f4c417ff730,1541566113,153,interaction item image,42858,MX,"Puebla, Mexico",mobile,,,
03XH0JWCWHAM,73f4c417ff730,1541566113,154,interaction item image,42858,MX,"Puebla, Mexico",mobile,,,
03XH0JWCWHAM,73f4c417ff730,1541566113,155,interaction item image,42858,MX,"Puebla, Mexico",mobile,,,
03XH0JWCWHAM,73f4c417ff730,1541566113,156,interaction item image,42858,MX,"Puebla, Mexico",mobile,,,
03XH0JWCWHAM,73f4c417ff730,1541566113,157,interaction item image,42858,MX,"Puebla, Mexico",mobile,,,
03XH0JWCWHAM,73f4c417ff730,1541566113,158,interaction item image,42858,MX,"Puebla, Mexico",mobile,,,
03XH0JWCWHAM,73f4c417ff730,1541566113,159,interaction item image,42858,MX,"Puebla, Mexico",mobile,,,
03XH0JWCWHAM,73f4c417ff730,1541566113,160,interaction item image,42858,MX,"Puebla, Mexico",mobile,,,
03XH0JWCWHAM,73f4c417ff730,1541566113,161,interaction item image,42618,MX,"Puebla, Mexico",mobile,,,
03XH0JWCWHAM,73f4c417ff730,1541566123,162,interaction item image,42618,MX,"Puebla, Mexico",mobile,,,
03XH0JWCWHAM,73f4c417ff730,1541566123,163,interaction item image,42618,MX,"Puebla, Mexico",mobile,,,
03XH0JWCWHAM,73f4c417ff730,1541566123,164,interaction item image,42618,MX,"Puebla, Mexico",mobile,,,
03XH0JWCWHAM,73f4c417ff730,1541566123,165,interaction item image,42618,MX,"Puebla, Mexico",mobile,,,
03XH0JWCWHAM,73f4c417ff730,1541566123,166,interaction item image,42618,MX,"Puebla, Mexico",mobile,,,
03XH0JWCWHAM,73f4c417ff730,1541566123,167,interaction item image,42618,MX,"Puebla, Mexico",mobile,,,
03XH0JWCWHAM,73f4c417ff730,1541566123,168,interaction item image,42618,MX,"Puebla, Mexico",mobile,,,
03XH0JWCWHAM,73f4c417ff730,1541566123,169,interaction item image,42618,MX,"Puebla, Mexico",mobile,,,
03XH0JWCWHAM,73f4c417ff730,1541566123,170,interaction item image,42618,MX,"Puebla, Mexico",mobile,,,
03XH0JWCWHAM,73f4c417ff730,1541566123,171,interaction item image,42618,MX,"Puebla, Mexico",mobile,,,
03XH0JWCWHAM,73f4c417ff730,1541566123,172,interaction item image,42618,MX,"Puebla, Mexico",mobile,,,
03XH0JWCWHAM,73f4c417ff730,1541566133,173,interaction item image,6452022,MX,"Puebla, Mexico",mobile,,,
03XH0JWCWHAM,73f4c417ff730,1541566133,174,interaction item image,6452022,MX,"Puebla, Mexico",mobile,,,
03XH0JWCWHAM,73f4c417ff730,1541566133,175,interaction item image,6452022,MX,"Puebla, Mexico",mobile,,,
03XH0JWCWHAM,73f4c417ff730,1541566143,176,clickout item,,MX,"Puebla, Mexico",mobile,Sort By Popularity,42692|5116230|42876|4342578|42864|3148690|2123552|2628052|6953534|5970348|5702804|348881|6298428|5044436|393866|5762742|42858|42618|348681|10129398|8183468|1285624|42662|6452022|349091,53|181|60|45|96|60|80|59|41|122|50|43|113|48|54|29|96|62|118|39|49|54|53|350|40
05BAHQHA5RCI,9f279162e8d5c,1541633909,1,search for destination,"Ulm, Germany",DE,"Ulm, Germany",tablet,,,
05BAHQHA5RCI,9f279162e8d5c,1541633933,2,change of sort order,interaction sort button,DE,"Ulm, Germany",tablet,,,
05BAHQHA5RCI,9f279162e8d5c,1541633944,3,change of sort order,price and recommended,DE,"Ulm, Germany",tablet,,,
05BAHQHA5RCI,9f279162e8d5c,1541633944,4,filter selection,Best Value,DE,"Ulm, Germany",tablet,Best Value,,
05BAHQHA5RCI,9f279162e8d5c,1541633993,5,clickout item,,DE,"Ulm, Germany",tablet,Best Value,2755290|14054|10243166|3498770|726906|2616752|2071844|86269|162779|150891|930775|25860|13569|1284402|18037|8954902|7162950|150893|32990|1687705|86308|926561|1397852|53615|2327128,59|86|70|58|86|58|58|57|78|68|55|90|79|64|112|96|55|71|53|58|99|67|76|76|84
062OG5L9831R,289b34a2bb4dd,1541662988,1,interaction item image,8474478,TR,"Sigacik, Turkey",desktop,,,
062OG5L9831R,289b34a2bb4dd,1541662988,2,interaction item image,8474478,TR,"Sigacik, Turkey",desktop,,,
062OG5L9831R,289b34a2bb4dd,1541663003,3,interaction item image,9914686,TR,"Sigacik, Turkey",desktop,,,
062OG5L9831R,289b34a2bb4dd,1541663003,4,interaction item image,9914686,TR,"Sigacik, Turkey",desktop,,,
062OG5L9831R,289b34a2bb4dd,1541663033,5,interaction item image,9914686,TR,"Sigacik, Turkey",desktop,,,
062OG5L9831R,289b34a2bb4dd,1541663043,6,interaction item image,9914686,TR,"Sigacik, Turkey",desktop,,,
062OG5L9831R,289b34a2bb4dd,1541663043,7,interaction item image,9914686,TR,"Sigacik, Turkey",desktop,,,
062OG5L9831R,289b34a2bb4dd,1541663043,8,interaction item image,9914686,TR,"Sigacik, Turkey",desktop,,,
062OG5L9831R,289b34a2bb4dd,1541663043,9,interaction item image,9914686,TR,"Sigacik, Turkey",desktop,,,
062OG5L9831R,289b34a2bb4dd,1541663043,10,interaction item image,9914686,TR,"Sigacik, Turkey",desktop,,,
062OG5L9831R,289b34a2bb4dd,1541663043,11,interaction item image,9914686,TR,"Sigacik, Turkey",desktop,,,
062OG5L9831R,289b34a2bb4dd,1541663061,12,interaction item image,9914686,TR,"Sigacik, Turkey",desktop,,,
062OG5L9831R,289b34a2bb4dd,1541663071,13,interaction item image,9914686,TR,"Sigacik, Turkey",desktop,,,
062OG5L9831R,289b34a2bb4dd,1541663071,14,interaction item image,9914686,TR,"Sigacik, Turkey",desktop,,,
062OG5L9831R,289b34a2bb4dd,1541663071,15,interaction item image,9914686,TR,"Sigacik, Turkey",desktop,,,
062OG5L9831R,289b34a2bb4dd,1541663081,16,interaction item image,9914686,TR,"Sigacik, Turkey",desktop,,,
062OG5L9831R,289b34a2bb4dd,1541663081,17,interaction item image,9914686,TR,"Sigacik, Turkey",desktop,,,
062OG5L9831R,289b34a2bb4dd,1541663081,18,interaction item image,9914686,TR,"Sigacik, Turkey",desktop,,,
062OG5L9831R,289b34a2bb4dd,1541663081,19,interaction item image,9914686,TR,"Sigacik, Turkey",desktop,,,
062OG5L9831R,289b34a2bb4dd,1541663095,20,clickout item,9914686,TR,"Sigacik, Turkey",desktop,,5828606|6618430|7828086|8474478|9225478|9914686|8992186|9056394|6053460|8176004|5868246|3503108|2186076|10544056|2017997|6789358|4096918|4542593|7829794|8291524|7821050|10779562,45|44|51|40|28|50|43|28|26|46|30|27|55|110|44|65|45|59|24|41|45|40
062OG5L9831R,289b34a2bb4dd,1541663105,21,clickout item,,TR,"Sigacik, Turkey",desktop,,5828606|6618430|7828086|8474478|9225478|9914686|8992186|9056394|6053460|8176004|5868246|3503108|2186076|10544056|2017997|6789358|4096918|4542593|7829794|8291524|7821050|10779562,45|44|51|40|28|50|43|28|26|46|30|27|55|110|44|65|45|59|24|41|45|40
06OT6WXN246O,ca92389e5ea65,1541687663,1,interaction item image,5480450,KR,"Namhae, South Korea",desktop,,,
06OT6WXN246O,ca92389e5ea65,1541687663,2,interaction item image,5480450,KR,"Namhae, South Korea",desktop,,,
06OT6WXN246O,ca92389e5ea65,1541687673,3,interaction item image,5480450,KR,"Namhae, South Korea",desktop,,,
06OT6WXN246O,ca92389e5ea65,1541687673,4,interaction item image,5480450,KR,"Namhae, South Korea",desktop,,,
06OT6WXN246O,ca92389e5ea65,1541687683,5,interaction item rating,5480450,KR,"Namhae, South Korea",desktop,,,
06OT6WXN246O,ca92389e5ea65,1541687683,6,interaction item deals,5480450,KR,"Namhae, South Korea",desktop,,,
06OT6WXN246O,ca92389e5ea65,1541687698,7,interaction item image,5480450,KR,"Namhae, South Korea",desktop,,,
06OT6WXN246O,ca92389e5ea65,1541687698,8,interaction item image,5480450,KR,"Namhae, South Korea",desktop,,,
06OT6WXN246O,ca92389e5ea65,1541687702,9,clickout item,5480450,KR,"Namhae, South Korea",desktop,,4667086|3152528|5480450|4341286|5601476|3974944|4142144|5095852|10785646|5892026|7127024|7802886|7939238|8219222|8225626|8401294|9984412|3814282|8047138|2199006|10079432|6555338|7068036,132|63|78|115|78|110|117|56|127|78|70|180|133|376|219|125|102|145|141|86|123|78|86
06OT6WXN246O,ca92389e5ea65,1541687708,10,interaction item info,5480450,KR,"Namhae, South Korea",desktop,,,
06OT6WXN246O,ca92389e5ea65,1541688339,11,interaction item info,5892026,KR,"Namhae, South Korea",desktop,,,
06OT6WXN246O,ca92389e5ea65,1541688349,12,interaction item info,5892026,KR,"Namhae, South Korea",desktop,,,
06OT6WXN246O,ca92389e5ea65,1541688359,13,clickout item,9984412,KR,"Namhae, South Korea",desktop,,4667086|3152528|5480450|4341286|5601476|3974944|4142144|5095852|10785646|5892026|7127024|7802886|7939238|8219222|8225626|8401294|9984412|3814282|8047138|2199006|10079432|6555338|7068036,132|63|78|115|78|110|117|56|127|78|70|180|133|376|219|125|102|145|141|86|123|78|86
06OT6WXN246O,ca92389e5ea65,1541688448,14,clickout item,,KR,"Namhae, South Korea",desktop,,4667086|3152528|5480450|4341286|5601476|3974944|4142144|5095852|10785646|5892026|7127024|7802886|7939238|8219222|8225626|8401294|9984412|3814282|8047138|2199006|10079432|6555338|7068036,132|63|78|115|78|110|117|56|127|78|70|180|133|376|219|125|102|145|141|86|123|78|86
08GEUYKFOOPX,83ce8ea2a61b4,1541639663,1,search for item,496141,MY,"Port Dickson, Malaysia",mobile,,,
08GEUYKFOOPX,83ce8ea2a61b4,1541639676,2,search for destination,"Port Dickson, Malaysia",MY,"Port Dickson, Malaysia",mobile,,,
08GEUYKFOOPX,83ce8ea2a61b4,1541639758,3,filter selection,Serviced Apartment,MY,"Port Dickson, Malaysia",mobile,House / Apartment|Serviced Apartment,,
08GEUYKFOOPX,83ce8ea2a61b4,1541639758,4,filter selection,House / Apartment,MY,"Port Dickson, Malaysia",mobile,House / Apartment|Serviced Apartment,,
08GEUYKFOOPX,83ce8ea2a61b4,1541639769,5,filter selection,Swimming Pool (Combined Filter),MY,"Port Dickson, Malaysia",mobile,House / Apartment|Serviced Apartment|Swimming Pool (Combined Filter),,
08GEUYKFOOPX,83ce8ea2a61b4,1541639797,6,interaction item image,4574362,MY,"Port Dickson, Malaysia",mobile,,,
08GEUYKFOOPX,83ce8ea2a61b4,1541639797,7,interaction item image,4574362,MY,"Port Dickson, Malaysia",mobile,,,
08GEUYKFOOPX,83ce8ea2a61b4,1541639807,8,interaction item info,4574362,MY,"Port Dickson, Malaysia",mobile,,,
08GEUYKFOOPX,83ce8ea2a61b4,1541639808,9,clickout item,4574362,MY,"Port Dickson, Malaysia",mobile,House / Apartment|Serviced Apartment|Swimming Pool (Combined Filter),4574362|5111312|2900130|4566348|2036393|1351800|3811810|1482717|674016|4553004|2784325|8400372|693816|1837709|2099776|521336|981929|2776330|8113288|8131766|1351828|2100784|1339918|4605858|2296560,31|25|52|56|63|31|179|104|128|195|141|85|59|52|21|58|79|40|101|17|53|18|41|23|30
08GEUYKFOOPX,83ce8ea2a61b4,1541639938,10,change of sort order,interaction sort button,MY,"Port Dickson, Malaysia",mobile,,,
08GEUYKFOOPX,83ce8ea2a61b4,1541640000,11,clickout item,5111312,MY,"Port Dickson, Malaysia",mobile,House / Apartment|Serviced Apartment|Swimming Pool (Combined Filter),4574362|5111312|2900130|4566348|2036393|1351800|3811810|1482717|674016|4553004|2784325|8400372|693816|1837709|2099776|521336|981929|2776330|8113288|8131766|1351828|2100784|1339918|4605858|2296560,31|25|52|56|63|31|179|104|128|195|141|85|59|52|21|58|79|40|101|17|53|18|41|23|30
08GEUYKFOOPX,83ce8ea2a61b4,1541642496,12,search for destination,"Port Dickson, Malaysia",MY,"Port Dickson, Malaysia",mobile,,,
08GEUYKFOOPX,83ce8ea2a61b4,1541642558,13,change of sort order,price only,MY,"Port Dickson, Malaysia",mobile,,,
08GEUYKFOOPX,83ce8ea2a61b4,1541642558,14,change of sort order,interaction sort button,MY,"Port Dickson, Malaysia",mobile,,,
08GEUYKFOOPX,83ce8ea2a61b4,1541642558,15,filter selection,Sort by Price,MY,"Port Dickson, Malaysia",mobile,Sort by Price,,
08GEUYKFOOPX,83ce8ea2a61b4,1541642579,16,filter selection,Serviced Apartment,MY,"Port Dickson, Malaysia",mobile,Sort by Price|House / Apartment|Serviced Apartment,,
08GEUYKFOOPX,83ce8ea2a61b4,1541642579,17,filter selection,House / Apartment,MY,"Port Dickson, Malaysia",mobile,Sort by Price|House / Apartment|Serviced Apartment,,
08GEUYKFOOPX,83ce8ea2a61b4,1541642614,18,filter selection,Swimming Pool (Combined Filter),MY,"Port Dickson, Malaysia",mobile,Sort by Price|House / Apartment|Serviced Apartment|Swimming Pool (Combined Filter),,
08GEUYKFOOPX,83ce8ea2a61b4,1541642631,19,clickout item,1351800,MY,"Port Dickson, Malaysia",mobile,Sort by Price|House / Apartment|Serviced Apartment|Swimming Pool (Combined Filter),1351800|5111312|5438868|4574362|4566348|2878931|2036393|2900130|7993904|2199526|2101740|6981324|8131766|3864648|4605858|3815682|2100784|3522610|3839632|6691258|2683660|2878935|9249982|6047878|9659856,16|17|22|27|31|34|40|45|76|9|11|11|11|15|15|15|16|17|17|17|18|20|20|21|21
08GEUYKFOOPX,83ce8ea2a61b4,1541642823,20,search for destination,"Malacca, Malaysia",MY,"Malacca, Malaysia",mobile,,,
08GEUYKFOOPX,83ce8ea2a61b4,1541642846,21,filter selection,Hotel,MY,"Malacca, Malaysia",mobile,Hotel|Resort,,
08GEUYKFOOPX,83ce8ea2a61b4,1541642846,22,filter selection,Resort,MY,"Malacca, Malaysia",mobile,Hotel|Resort,,
08GEUYKFOOPX,83ce8ea2a61b4,1541642864,23,filter selection,Swimming Pool (Combined Filter),MY,"Malacca, Malaysia",mobile,Hotel|Resort|Swimming Pool (Combined Filter),,
08GEUYKFOOPX,83ce8ea2a61b4,1541642874,24,change of sort order,interaction sort button,MY,"Malacca, Malaysia",mobile,,,
08GEUYKFOOPX,83ce8ea2a61b4,1541642875,25,change of sort order,price only,MY,"Malacca, Malaysia",mobile,,,
08GEUYKFOOPX,83ce8ea2a61b4,1541642875,26,filter selection,Sort by Price,MY,"Malacca, Malaysia",mobile,Hotel|Resort|Swimming Pool (Combined Filter)|Sort by Price,,
08GEUYKFOOPX,83ce8ea2a61b4,1541642884,27,clickout item,4907350,MY,"Malacca, Malaysia",mobile,Hotel|Resort|Swimming Pool (Combined Filter)|Sort by Price,4907350|3183292|2600422|1323983|2642936|2330956|1454305|3818266|607051|2201440|684641|3135188|3899110|1810711|3479124|914863|377921|10134866|1351822|3184674|1351846|2547593|3149406|4713262|1592203,13|13|14|17|19|21|22|23|23|24|25|26|27|29|29|30|30|31|31|31|31|32|34|34|35
08GEUYKFOOPX,83ce8ea2a61b4,1541642898,28,clickout item,4907350,MY,"Malacca, Malaysia",mobile,Hotel|Resort|Swimming Pool (Combined Filter)|Sort by Price,4907350|3183292|2600422|1323983|2642936|2330956|1454305|3818266|607051|2201440|684641|3135188|3899110|1810711|3479124|914863|377921|10134866|1351822|3184674|1351846|2547593|3149406|4713262|1592203,13|13|14|17|19|21|22|23|23|24|25|26|27|29|29|30|30|31|31|31|31|32|34|34|35
08GEUYKFOOPX,83ce8ea2a61b4,1541643088,29,clickout item,4907350,MY,"Malacca, Malaysia",mobile,Hotel|Resort|Swimming Pool (Combined Filter)|Sort by Price,4907350|3183292|2600422|1323983|2642936|2330956|1454305|3818266|607051|2201440|684641|3135188|3899110|1810711|3479124|914863|377921|10134866|1351822|3184674|1351846|2547593|3149406|4713262|1592203,13|13|14|17|19|21|22|23|23|24|25|26|27|29|29|30|30|31|31|31|31|32|34|34|35
08GEUYKFOOPX,83ce8ea2a61b4,1541643155,30,clickout item,,MY,"Malacca, Malaysia",mobile,,3818266|2547593|3899110|4599632|377921|508851|1647453|2600422|110246|3816128|5497802|888779|684641|5951616|1552745|3241542|8733884|3842450|2026377|2158000|932491|3479124|7341256|4722994|4387516,23|32|27|30|30|38|97|14|53|38|49|47|25|29|17|35|54|42|26|38|120|29|35|334|20
091L4C793B1J,49816a95c986a,1541625518,1,interaction item image,2504828,AR,"Bombinhas, Brazil",mobile,,,
091L4C793B1J,49816a95c986a,1541625518,2,interaction item image,2504828,AR,"Bombinhas, Brazil",mobile,,,
091L4C793B1J,49816a95c986a,1541625528,3,interaction item image,2504828,AR,"Bombinhas, Brazil",mobile,,,
091L4C793B1J,49816a95c986a,1541625528,4,interaction item image,2504828,AR,"Bombinhas, Brazil",mobile,,,
091L4C793B1J,49816a95c986a,1541625528,5,interaction item image,2504828,AR,"Bombinhas, Brazil",mobile,,,
091L4C793B1J,49816a95c986a,1541625528,6,interaction item image,2504828,AR,"Bombinhas, Brazil",mobile,,,
091L4C793B1J,49816a95c986a,1541625528,7,interaction item image,2504828,AR,"Bombinhas, Brazil",mobile,,,
091L4C793B1J,49816a95c986a,1541625538,8,interaction item image,2504828,AR,"Bombinhas, Brazil",mobile,,,
091L4C793B1J,49816a95c986a,1541625538,9,interaction item image,2504828,AR,"Bombinhas, Brazil",mobile,,,
091L4C793B1J,49816a95c986a,1541625538,10,interaction item image,2504828,AR,"Bombinhas, Brazil",mobile,,,
091L4C793B1J,49816a95c986a,1541625538,11,interaction item image,2504828,AR,"Bombinhas, Brazil",mobile,,,
091L4C793B1J,49816a95c986a,1541625538,12,interaction item image,2504828,AR,"Bombinhas, Brazil",mobile,,,
091L4C793B1J,49816a95c986a,1541625538,13,interaction item image,2504828,AR,"Bombinhas, Brazil",mobile,,,
091L4C793B1J,49816a95c986a,1541625538,14,interaction item image,2504828,AR,"Bombinhas, Brazil",mobile,,,
091L4C793B1J,49816a95c986a,1541625538,15,interaction item image,2504828,AR,"Bombinhas, Brazil",mobile,,,
091L4C793B1J,49816a95c986a,1541625538,16,interaction item image,2504828,AR,"Bombinhas, Brazil",mobile,,,
091L4C793B1J,49816a95c986a,1541625538,17,interaction item image,2504828,AR,"Bombinhas, Brazil",mobile,,,
091L4C793B1J,49816a95c986a,1541625538,18,interaction item image,2504828,AR,"Bombinhas, Brazil",mobile,,,
091L4C793B1J,49816a95c986a,1541625538,19,interaction item image,2504828,AR,"Bombinhas, Brazil",mobile,,,
091L4C793B1J,49816a95c986a,1541625538,20,interaction item image,2504828,AR,"Bombinhas, Brazil",mobile,,,
091L4C793B1J,49816a95c986a,1541625548,21,interaction item image,2504828,AR,"Bombinhas, Brazil",mobile,,,
091L4C793B1J,49816a95c986a,1541625548,22,interaction item image,2504828,AR,"Bombinhas, Brazil",mobile,,,
091L4C793B1J,49816a95c986a,1541625548,23,interaction item image,2504828,AR,"Bombinhas, Brazil",mobile,,,
091L4C793B1J,49816a95c986a,1541625548,24,interaction item image,2504828,AR,"Bombinhas, Brazil",mobile,,,
091L4C793B1J,49816a95c986a,1541625548,25,interaction item image,2504828,AR,"Bombinhas, Brazil",mobile,,,
091L4C793B1J,49816a95c986a,1541625548,26,interaction item image,2504828,AR,"Bombinhas, Brazil",mobile,,,
091L4C793B1J,49816a95c986a,1541625548,27,interaction item image,2504828,AR,"Bombinhas, Brazil",mobile,,,
091L4C793B1J,49816a95c986a,1541625548,28,interaction item image,2504828,AR,"Bombinhas, Brazil",mobile,,,
091L4C793B1J,49816a95c986a,1541625548,29,interaction item image,2504828,AR,"Bombinhas, Brazil",mobile,,,
091L4C793B1J,49816a95c986a,1541625548,30,interaction item image,2504828,AR,"Bombinhas, Brazil",mobile,,,
091L4C793B1J,49816a95c986a,1541625558,31,interaction item image,2504828,AR,"Bombinhas, Brazil",mobile,,,
091L4C793B1J,49816a95c986a,1541625558,32,interaction item image,2504828,AR,"Bombinhas, Brazil",mobile,,,
091L4C793B1J,49816a95c986a,1541625558,33,interaction item image,2504828,AR,"Bombinhas, Brazil",mobile,,,
091L4C793B1J,49816a95c986a,1541625558,34,interaction item image,2504828,AR,"Bombinhas, Brazil",mobile,,,
091L4C793B1J,49816a95c986a,1541625558,35,interaction item image,2504828,AR,"Bombinhas, Brazil",mobile,,,
091L4C793B1J,49816a95c986a,1541625558,36,interaction item image,2504828,AR,"Bombinhas, Brazil",mobile,,,
091L4C793B1J,49816a95c986a,1541625558,37,interaction item image,2504828,AR,"Bombinhas, Brazil",mobile,,,
091L4C793B1J,49816a95c986a,1541625558,38,interaction item image,2504828,AR,"Bombinhas, Brazil",mobile,,,
091L4C793B1J,49816a95c986a,1541625558,39,interaction item image,2504828,AR,"Bombinhas, Brazil",mobile,,,
091L4C793B1J,49816a95c986a,1541625558,40,interaction item info,2504828,AR,"Bombinhas, Brazil",mobile,,,
091L4C793B1J,49816a95c986a,1541625568,41,interaction item image,2504828,AR,"Bombinhas, Brazil",mobile,,,
091L4C793B1J,49816a95c986a,1541625568,42,interaction item image,2504828,AR,"Bombinhas, Brazil",mobile,,,
091L4C793B1J,49816a95c986a,1541625568,43,interaction item image,2504828,AR,"Bombinhas, Brazil",mobile,,,
091L4C793B1J,49816a95c986a,1541625578,44,interaction item image,2504828,AR,"Bombinhas, Brazil",mobile,,,
091L4C793B1J,49816a95c986a,1541625578,45,interaction item image,2504828,AR,"Bombinhas, Brazil",mobile,,,
091L4C793B1J,49816a95c986a,1541625578,46,interaction item image,2504828,AR,"Bombinhas, Brazil",mobile,,,
091L4C793B1J,49816a95c986a,1541625578,47,interaction item image,2504828,AR,"Bombinhas, Brazil",mobile,,,
091L4C793B1J,49816a95c986a,1541625578,48,interaction item image,2504828,AR,"Bombinhas, Brazil",mobile,,,
091L4C793B1J,49816a95c986a,1541625578,49,interaction item image,2504828,AR,"Bombinhas, Brazil",mobile,,,
091L4C793B1J,49816a95c986a,1541625578,50,interaction item image,2504828,AR,"Bombinhas, Brazil",mobile,,,
091L4C793B1J,49816a95c986a,1541625578,51,interaction item image,2504828,AR,"Bombinhas, Brazil",mobile,,,
091L4C793B1J,49816a95c986a,1541625578,52,interaction item image,2504828,AR,"Bombinhas, Brazil",mobile,,,
091L4C793B1J,49816a95c986a,1541625578,53,interaction item image,2504828,AR,"Bombinhas, Brazil",mobile,,,
091L4C793B1J,49816a95c986a,1541625578,54,interaction item image,2504828,AR,"Bombinhas, Brazil",mobile,,,
091L4C793B1J,49816a95c986a,1541625578,55,interaction item image,2504828,AR,"Bombinhas, Brazil",mobile,,,
091L4C793B1J,49816a95c986a,1541625578,56,interaction item image,2504828,AR,"Bombinhas, Brazil",mobile,,,
091L4C793B1J,49816a95c986a,1541625578,57,interaction item image,2504828,AR,"Bombinhas, Brazil",mobile,,,
091L4C793B1J,49816a95c986a,1541625578,58,interaction item image,2504828,AR,"Bombinhas, Brazil",mobile,,,
091L4C793B1J,49816a95c986a,1541625578,59,interaction item image,2504828,AR,"Bombinhas, Brazil",mobile,,,
091L4C793B1J,49816a95c986a,1541625578,60,interaction item image,2504828,AR,"Bombinhas, Brazil",mobile,,,
091L4C793B1J,49816a95c986a,1541625589,61,interaction item image,2504828,AR,"Bombinhas, Brazil",mobile,,,
091L4C793B1J,49816a95c986a,1541625589,62,interaction item image,2504828,AR,"Bombinhas, Brazil",mobile,,,
091L4C793B1J,49816a95c986a,1541625659,63,clickout item,,AR,"Bombinhas, Brazil",mobile,,2504828|2578276|511676|2344190|1652507|3242334|5018280|2367266|2246778|1244892|3873584|2382352|2355456|1668695|2027493|1962553|2567194|3166072|2673632|2351980|1244904|2349788|6541758|7219768|931585,135|76|62|93|51|45|75|28|40|76|32|27|50|77|92|60|43|22|27|40|56|31|23|44|43
09K0CO8F5AXJ,ccaf5005ee842,1541693563,1,clickout item,6578,DE,"Leipzig, Germany",desktop,,5056730|6565|12959|2270374|8221636|5123626|1955955|6416028|53131|6576|6578|50999|6559540|16273|6572|465891|1392790|6566|53359|1622837|6573|6594|14471|5971796|1769035,148|160|137|226|148|107|154|110|170|83|94|70|130|166|115|134|99|103|96|229|148|116|146|161|139
09K0CO8F5AXJ,ccaf5005ee842,1541693719,2,clickout item,,DE,"Leipzig, Germany",desktop,,6605|2270374|12959|6576|1622837|4122274|1955955|14471|86391|6416028|6565|6575|6578|6585|6572|1392790|50999|6733750|1392782|626001|6600|5971796|51049|16273|3370938,165|226|189|82|249|109|154|146|68|110|158|188|94|50|90|102|66|131|104|52|96|161|63|169|59
09X618WIVTP3,b1935d2a43d5e,1541687928,1,search for destination,"Genting Village, Malaysia",MY,"Genting Village, Malaysia",mobile,,,
09X618WIVTP3,b1935d2a43d5e,1541687976,2,search for item,1120687,MY,"Genting Highlands, Malaysia",mobile,,,
09X618WIVTP3,b1935d2a43d5e,1541688108,3,clickout item,,MY,"Genting Highlands, Malaysia",mobile,,1120687|2165594|5763948|519501|595286|3386520|4082014|1961747|1647975|9495112|1951593|2201544|9151964|2099638|3165410|2723394|9146260|2679104|7232716|8915428|8454350|8246346|10598046|8167676|7228460,39|76|78|55|87|38|47|143|57|53|21|8|78|17|59|15|29|17|50|40|78|119|124|69|59
09YREZJA9YH3,572801ee070f0,1541685371,1,change of sort order,interaction sort button,TR,"Åre, Sweden",mobile,,,
09YREZJA9YH3,572801ee070f0,1541685390,2,search for destination,"Kozakli, Turkey",TR,"Kozakli, Turkey",mobile,,,
09YREZJA9YH3,572801ee070f0,1541685436,3,clickout item,8755832,TR,"Kozakli, Turkey",mobile,,2032775|491891|1886115|3877836|5723470|4493250|8755832|10306702|8975622|9027460|10525486|2162354|1045506|9374764|10771524|3916332|9914848|3161938|6391128|158295|7362628|4513276|8000782|5737226|897623,27|24|50|37|27|53|56|40|40|18|40|42|25|24|21|42|64|59|46|25|46|44|48|49|151
09YREZJA9YH3,572801ee070f0,1541686878,4,search for destination,"Alanya, Turkey",TR,"Alanya, Turkey",mobile,,,
09YREZJA9YH3,572801ee070f0,1541686891,5,search for destination,"Kozakli, Turkey",TR,"Kozakli, Turkey",mobile,,,
09YREZJA9YH3,572801ee070f0,1541686924,6,interaction item image,4493250,TR,"Kozakli, Turkey",mobile,,,
09YREZJA9YH3,572801ee070f0,1541686924,7,interaction item image,4493250,TR,"Kozakli, Turkey",mobile,,,
09YREZJA9YH3,572801ee070f0,1541686934,8,interaction item image,4493250,TR,"Kozakli, Turkey",mobile,,,
09YREZJA9YH3,572801ee070f0,1541686934,9,interaction item image,4493250,TR,"Kozakli, Turkey",mobile,,,
09YREZJA9YH3,572801ee070f0,1541686934,10,interaction item image,4493250,TR,"Kozakli, Turkey",mobile,,,
09YREZJA9YH3,572801ee070f0,1541686944,11,interaction item image,4493250,TR,"Kozakli, Turkey",mobile,,,
09YREZJA9YH3,572801ee070f0,1541686944,12,interaction item image,4493250,TR,"Kozakli, Turkey",mobile,,,
09YREZJA9YH3,572801ee070f0,1541686944,13,interaction item image,4493250,TR,"Kozakli, Turkey",mobile,,,
09YREZJA9YH3,572801ee070f0,1541686944,14,interaction item image,4493250,TR,"Kozakli, Turkey",mobile,,,
09YREZJA9YH3,572801ee070f0,1541686944,15,interaction item image,4493250,TR,"Kozakli, Turkey",mobile,,,
09YREZJA9YH3,572801ee070f0,1541686944,16,interaction item image,4493250,TR,"Kozakli, Turkey",mobile,,,
09YREZJA9YH3,572801ee070f0,1541686954,17,interaction item image,4493250,TR,"Kozakli, Turkey",mobile,,,
09YREZJA9YH3,572801ee070f0,1541686954,18,interaction item image,4493250,TR,"Kozakli, Turkey",mobile,,,
09YREZJA9YH3,572801ee070f0,1541686954,19,interaction item image,4493250,TR,"Kozakli, Turkey",mobile,,,
09YREZJA9YH3,572801ee070f0,1541686954,20,interaction item image,4493250,TR,"Kozakli, Turkey",mobile,,,
09YREZJA9YH3,572801ee070f0,1541686954,21,interaction item image,4493250,TR,"Kozakli, Turkey",mobile,,,
09YREZJA9YH3,572801ee070f0,1541686954,22,interaction item image,4493250,TR,"Kozakli, Turkey",mobile,,,
09YREZJA9YH3,572801ee070f0,1541686954,23,interaction item image,4493250,TR,"Kozakli, Turkey",mobile,,,
09YREZJA9YH3,572801ee070f0,1541686954,24,interaction item image,4493250,TR,"Kozakli, Turkey",mobile,,,
09YREZJA9YH3,572801ee070f0,1541686964,25,interaction item image,4493250,TR,"Kozakli, Turkey",mobile,,,
09YREZJA9YH3,572801ee070f0,1541686964,26,interaction item image,4493250,TR,"Kozakli, Turkey",mobile,,,
09YREZJA9YH3,572801ee070f0,1541686978,27,interaction item deals,4493250,TR,"Kozakli, Turkey",mobile,,,
09YREZJA9YH3,572801ee070f0,1541687010,28,clickout item,4493250,TR,"Kozakli, Turkey",mobile,,2032775|491891|1886115|3877836|5723470|4493250|8755832|8975622|10306702|9027460|10525486|2162354|1045506|9374764|10771524|3916332|9914848|6391128|158295|3161938|7362628|4513276|897623|5737226|8000782,27|24|50|37|27|53|56|40|40|18|40|42|25|24|21|42|64|46|25|59|46|44|151|49|48
09YREZJA9YH3,572801ee070f0,1541687211,29,interaction item rating,4493250,TR,"Kozakli, Turkey",mobile,,,
09YREZJA9YH3,572801ee070f0,1541687244,30,interaction item image,8755832,TR,"Kozakli, Turkey",mobile,,,
09YREZJA9YH3,572801ee070f0,1541687244,31,interaction item image,8755832,TR,"Kozakli, Turkey",mobile,,,
09YREZJA9YH3,572801ee070f0,1541687254,32,interaction item image,8755832,TR,"Kozakli, Turkey",mobile,,,
09YREZJA9YH3,572801ee070f0,1541687254,33,interaction item image,8755832,TR,"Kozakli, Turkey",mobile,,,
09YREZJA9YH3,572801ee070f0,1541687254,34,interaction item image,8755832,TR,"Kozakli, Turkey",mobile,,,
09YREZJA9YH3,572801ee070f0,1541687254,35,interaction item image,8755832,TR,"Kozakli, Turkey",mobile,,,
09YREZJA9YH3,572801ee070f0,1541687266,36,clickout item,8755832,TR,"Kozakli, Turkey",mobile,,2032775|491891|1886115|3877836|5723470|4493250|8755832|8975622|10306702|9027460|10525486|2162354|1045506|9374764|10771524|3916332|9914848|6391128|158295|3161938|7362628|4513276|897623|5737226|8000782,27|24|50|37|27|53|56|40|40|18|40|42|25|24|21|42|64|46|25|59|46|44|151|49|48
09YREZJA9YH3,572801ee070f0,1541688112,37,clickout item,8755832,TR,"Kozakli, Turkey",mobile,,2032775|491891|1886115|3877836|5723470|4493250|8755832|8975622|10306702|9027460|10525486|2162354|1045506|9374764|10771524|3916332|9914848|6391128|158295|3161938|7362628|4513276|897623|5737226|8000782,27|24|50|37|27|53|56|40|40|18|40|42|25|24|21|42|64|46|25|59|46|44|151|49|48
09YREZJA9YH3,572801ee070f0,1541688373,38,clickout item,8755832,TR,"Kozakli, Turkey",mobile,,2032775|491891|1886115|3877836|5723470|4493250|8755832|8975622|10306702|9027460|10525486|2162354|1045506|9374764|10771524|3916332|9914848|6391128|158295|3161938|7362628|4513276|897623|5737226|8000782,27|24|50|37|27|53|56|40|40|18|40|42|25|24|21|42|64|46|25|59|46|44|151|49|48
09YREZJA9YH3,572801ee070f0,1541688479,39,search for destination,"Kozakli, Turkey",TR,"Kozakli, Turkey",mobile,,,
09YREZJA9YH3,572801ee070f0,1541688488,40,interaction item image,4493250,TR,"Kozakli, Turkey",mobile,,,
09YREZJA9YH3,572801ee070f0,1541688488,41,interaction item image,4493250,TR,"Kozakli, Turkey",mobile,,,
09YREZJA9YH3,572801ee070f0,1541688494,42,clickout item,,TR,"Kozakli, Turkey",mobile,,2032775|491891|1886115|3877836|5723470|4493250|8755832|10306702|8975622|9027460|10525486|2162354|1045506|9374764|10771524|3916332|9914848|3161938|6391128|158295|7362628|4513276|8000782|5737226|897623,27|24|50|37|27|53|56|40|40|18|40|42|25|24|21|42|64|59|46|25|46|44|48|49|151
0A30V2M11MDK,dc8ded19d1781,1541687906,1,interaction item image,4319698,NL,"Paris, France",desktop,,,
0A30V2M11MDK,dc8ded19d1781,1541687906,2,interaction item image,4319698,NL,"Paris, France",desktop,,,
0A30V2M11MDK,dc8ded19d1781,1541687920,3,interaction item info,4319698,NL,"Paris, France",desktop,,,
0A30V2M11MDK,dc8ded19d1781,1541687977,4,filter selection,Free WiFi (Combined),NL,"Paris, France",desktop,Free WiFi (Combined),,
0A30V2M11MDK,dc8ded19d1781,1541688038,5,interaction item info,48426,NL,"Paris, France",desktop,,,
0A30V2M11MDK,dc8ded19d1781,1541688078,6,clickout item,48426,NL,"Paris, France",desktop,Free WiFi (Combined),50254|153348|48426|688021|1033030|1540817|49685|48460|1345482|50141|117373|11908|49317|12086|49606|1231026|12008|49316|817581|3375754|11957|1216890|50131|12103|12073,113|103|91|93|111|68|127|112|83|128|132|107|76|57|66|98|145|110|131|127|105|143|78|120|99
0A30V2M11MDK,dc8ded19d1781,1541688304,7,clickout item,48426,NL,"Paris, France",desktop,Free WiFi (Combined),50254|153348|48426|688021|1033030|1540817|49685|48460|1345482|50141|117373|11908|49317|12086|49606|1231026|12008|49316|817581|3375754|11957|1216890|50131|12103|12073,113|103|91|93|111|68|127|112|83|128|132|107|76|57|66|98|145|110|131|127|105|143|78|120|99
0A30V2M11MDK,dc8ded19d1781,1541688367,8,search for item,49218,NL,"Paris, France",desktop,,,
0A30V2M11MDK,dc8ded19d1781,1541688448,9,filter selection,unknown,NL,"Paris, France",desktop,Hotel Chain,,